orderNo,user,driver,payment,paymentMode,restaurant,addons,foods,coupon,couponType,orderTo,cookingInstruction,deliveryInstruction,deliveryAddress,deliveryAddressRaw,receiverName,countryCode,receiverContact,cartItemRaw,walletUsed,instantOrder,scheduleOrder,scheduleDate,orderAt,scheduleTime,realTotal,itemTotal,itemDiscount,couponDiscountCharge,deliveryCharge,foodServiceCharge,serviceCharge,packageCharge,packageChargeTax,deliveryTip,extraCharge,walletAmount,grandTotal,preparationTime,userOrderCount,driverOrderPin,customerOrderPin,orderCancellation,cancellationBy,driverAssign,orderFrom,ratingSaved,subscriptionOrder,purchasedTiffinSubscription,tiffinSubscription,restaurantCampaign,foodCampaign,refundedAmount,driverEarining,deliveryCommission,restaurantCommission,status
100040,685fdddbf3a0d774352ae1b2,-,66a9d3227adf805300d4c6fe,offline,688b85e0b69e4300b2ac5564,"6882353595f94d4311697509,6882350c95f94d4311697503","68512fc252b936fddfbe66f3,6819a10ac148599232dbbda0",66fb8c7a677d907585218788,default,homedelivery,Add lemon or chili flakes for extra flavor,66a5fb56fa5585b570548271,687e36bd19b3619b05ea37b1,"{""location"":{""type"":""Point"",""coordinates"":[72.81471233814955,18.906702963127636]},""user"":""66ab75ee48f284c02e285af0"",""title"":0,""receiverName"":""Siddhant Jograna"",""countryCode"":91,""receiverContact"":""7845127896"",""flatHouse"":""2nd floor "",""locality"":""Colaba,Colaba,Mumbai,Maharashtra,India"",""landmark"":""india gate road"",""status"":true,""id"":""687e36bd19b3619b05ea37b1""}",Emma Collins,1,3125550184,"[{""name"":""Test"",""uuid"":""fd071a8f-ab4b-49a4-bf06-43c37e034e66"",""addons"":[],""variations"":[],""discount"":5,""discountType"":""%"",""endTime"":"""",""foodType"":""veg"",""foodtaxations"":[],""id"":""6819a10ac148599232dbbda0"",""image"":""6238a176-134c-4d53-91f8-2a5868dd25033449802155802056985-1746273065979.jpg"",""inStock"":true,""price"":150,""purchaseLimit"":10,""quantity"":3,""restaurant"":""6787d0db8210e66b2cb6a0a5"",""restaurantInfo"":{""cover"":""1000000018-1736761951785.jpg"",""id"":""6787d0db8210e66b2cb6a0a5"",""logo"":""1000000022-1736761939599.jpg"",""name"":""Alfresco Haven"",""slug"":""alfresco-haven-50ef857650"",""translations"":[{""name"":""English"",""code"":""en"",""nativeName"":""English"",""title"":""Alfresco Haven"",""address"":"""",""shortDescription"":""""},{""name"":""Hindi"",""code"":""hi"",""nativeName"":""हिन्दी, हिंदी"",""title"":""अल्फ्रेस्को हेवेनअल्फ्रेस्को हेवेन"",""address"":"""",""shortDescription"":""""},{""name"":""Arabic"",""code"":""ar"",""nativeName"":""العربية"",""title"":""ملاذ في الهواء الطلق"",""address"":"""",""shortDescription"":""""},{""name"":""Spanish; Castilian"",""code"":""es"",""nativeName"":""español, castellano"",""title"":""Refugio al aire libre"",""address"":"""",""shortDescription"":""""}]},""shortDescription"":""Test"",""startTime"":"""",""status"":""live"",""taxationEnable"":false,""realPrice"":450,""itemDiscount"":22.5,""singleProductPrice"":142.5,""totalPrice"":427.5,""instruction"":"""",""translations"":[{""name"":""English"",""code"":""en"",""nativeName"":""English"",""title"":"""",""shortDescription"":""""},{""name"":""Hindi"",""code"":""hi"",""nativeName"":""हिन्दी, हिंदी"",""title"":"""",""shortDescription"":""""},{""name"":""Arabic"",""code"":""ar"",""nativeName"":""العربية"",""title"":"""",""shortDescription"":""""},{""name"":""Spanish; Castilian"",""code"":""es"",""nativeName"":""español, castellano"",""title"":"""",""shortDescription"":""""}]}]",Yes,Yes,No,-,10:30,-,852,750,102,20,8.95,15.99,5.95,3,0.5,5,0,21.99,840.44,10,1,1947,2596,66a5dfeb1a35e1d8c1bd0380,customer,ideal,app,Yes,Yes,687e36c419b3619b05ea37c2,687e0a92b951e52c3a3f3f7e,66a86b8ad978546aed5ac2a6,66a872d051bbd17785c92c9f,150,10,2.33,15.99,created
100041,685c25162ca9ec10e7af011b,-,66a9d3eb7adf805300d4c71c,online,688b85e0b69e4300b2ac5562,-,,-,-,selfpickup,-,-,-,-,James Miller,1,6465550257,"[{""name"":""Test"",""uuid"":""fd071a8f-ab4b-49a4-bf06-43c37e034e66"",""addons"":[],""variations"":[],""discount"":5,""discountType"":""%"",""endTime"":"""",""foodType"":""veg"",""foodtaxations"":[],""id"":""6819a10ac148599232dbbda0"",""image"":""6238a176-134c-4d53-91f8-2a5868dd25033449802155802056985-1746273065979.jpg"",""inStock"":true,""price"":150,""purchaseLimit"":10,""quantity"":3,""restaurant"":""6787d0db8210e66b2cb6a0a5"",""restaurantInfo"":{""cover"":""1000000018-1736761951785.jpg"",""id"":""6787d0db8210e66b2cb6a0a5"",""logo"":""1000000022-1736761939599.jpg"",""name"":""Alfresco Haven"",""slug"":""alfresco-haven-50ef857650"",""translations"":[{""name"":""English"",""code"":""en"",""nativeName"":""English"",""title"":""Alfresco Haven"",""address"":"""",""shortDescription"":""""},{""name"":""Hindi"",""code"":""hi"",""nativeName"":""हिन्दी, हिंदी"",""title"":""अल्फ्रेस्को हेवेनअल्फ्रेस्को हेवेन"",""address"":"""",""shortDescription"":""""},{""name"":""Arabic"",""code"":""ar"",""nativeName"":""العربية"",""title"":""ملاذ في الهواء الطلق"",""address"":"""",""shortDescription"":""""},{""name"":""Spanish; Castilian"",""code"":""es"",""nativeName"":""español, castellano"",""title"":""Refugio al aire libre"",""address"":"""",""shortDescription"":""""}]},""shortDescription"":""Test"",""startTime"":"""",""status"":""live"",""taxationEnable"":false,""realPrice"":450,""itemDiscount"":22.5,""singleProductPrice"":142.5,""totalPrice"":427.5,""instruction"":"""",""translations"":[{""name"":""English"",""code"":""en"",""nativeName"":""English"",""title"":"""",""shortDescription"":""""},{""name"":""Hindi"",""code"":""hi"",""nativeName"":""हिन्दी, हिंदी"",""title"":"""",""shortDescription"":""""},{""name"":""Arabic"",""code"":""ar"",""nativeName"":""العربية"",""title"":"""",""shortDescription"":""""},{""name"":""Spanish; Castilian"",""code"":""es"",""nativeName"":""español, castellano"",""title"":"""",""shortDescription"":""""}]}]",No,No,Yes,2025-08-04,10:30,11:30,852,750,102,0,0,15.99,5.95,3,0.5,0,0,0,840.44,0,1,5821,3517,-,none,assign,app,Yes,No,-,-,-,-,0,0,0,13.55,accepted
100042,684c1a14782418866de8b55b,-,66a9d49a7adf805300d4c748,online,6787d0db8210e66b2cb6a0a5,-,,-,-,selfpickup,-,-,-,-,Olivia Brooks,1,2135550391,"[{""name"":""Test"",""uuid"":""fd071a8f-ab4b-49a4-bf06-43c37e034e66"",""addons"":[],""variations"":[],""discount"":5,""discountType"":""%"",""endTime"":"""",""foodType"":""veg"",""foodtaxations"":[],""id"":""6819a10ac148599232dbbda0"",""image"":""6238a176-134c-4d53-91f8-2a5868dd25033449802155802056985-1746273065979.jpg"",""inStock"":true,""price"":150,""purchaseLimit"":10,""quantity"":3,""restaurant"":""6787d0db8210e66b2cb6a0a5"",""restaurantInfo"":{""cover"":""1000000018-1736761951785.jpg"",""id"":""6787d0db8210e66b2cb6a0a5"",""logo"":""1000000022-1736761939599.jpg"",""name"":""Alfresco Haven"",""slug"":""alfresco-haven-50ef857650"",""translations"":[{""name"":""English"",""code"":""en"",""nativeName"":""English"",""title"":""Alfresco Haven"",""address"":"""",""shortDescription"":""""},{""name"":""Hindi"",""code"":""hi"",""nativeName"":""हिन्दी, हिंदी"",""title"":""अल्फ्रेस्को हेवेनअल्फ्रेस्को हेवेन"",""address"":"""",""shortDescription"":""""},{""name"":""Arabic"",""code"":""ar"",""nativeName"":""العربية"",""title"":""ملاذ في الهواء الطلق"",""address"":"""",""shortDescription"":""""},{""name"":""Spanish; Castilian"",""code"":""es"",""nativeName"":""español, castellano"",""title"":""Refugio al aire libre"",""address"":"""",""shortDescription"":""""}]},""shortDescription"":""Test"",""startTime"":"""",""status"":""live"",""taxationEnable"":false,""realPrice"":450,""itemDiscount"":22.5,""singleProductPrice"":142.5,""totalPrice"":427.5,""instruction"":"""",""translations"":[{""name"":""English"",""code"":""en"",""nativeName"":""English"",""title"":"""",""shortDescription"":""""},{""name"":""Hindi"",""code"":""hi"",""nativeName"":""हिन्दी, हिंदी"",""title"":"""",""shortDescription"":""""},{""name"":""Arabic"",""code"":""ar"",""nativeName"":""العربية"",""title"":"""",""shortDescription"":""""},{""name"":""Spanish; Castilian"",""code"":""es"",""nativeName"":""español, castellano"",""title"":"""",""shortDescription"":""""}]}]",No,No,No,-,10:30,-,852,750,0,0,0,15.99,5.95,3,0.5,0,0,0,840.44,10,1,3069,7013,-,none,rejected,app,Yes,No,-,-,-,-,0,0,0,50,preparing
100043,6835b675cf0e12c9fb38b61d,-,66a9d60f7adf805300d4c786,online,66a71baca9b3e102abbe39e7,-,,-,-,selfpickup,-,-,-,-,Benjamin Parker,1,3055550723,"[{""name"":""Test"",""uuid"":""fd071a8f-ab4b-49a4-bf06-43c37e034e66"",""addons"":[],""variations"":[],""discount"":5,""discountType"":""%"",""endTime"":"""",""foodType"":""veg"",""foodtaxations"":[],""id"":""6819a10ac148599232dbbda0"",""image"":""6238a176-134c-4d53-91f8-2a5868dd25033449802155802056985-1746273065979.jpg"",""inStock"":true,""price"":150,""purchaseLimit"":10,""quantity"":3,""restaurant"":""6787d0db8210e66b2cb6a0a5"",""restaurantInfo"":{""cover"":""1000000018-1736761951785.jpg"",""id"":""6787d0db8210e66b2cb6a0a5"",""logo"":""1000000022-1736761939599.jpg"",""name"":""Alfresco Haven"",""slug"":""alfresco-haven-50ef857650"",""translations"":[{""name"":""English"",""code"":""en"",""nativeName"":""English"",""title"":""Alfresco Haven"",""address"":"""",""shortDescription"":""""},{""name"":""Hindi"",""code"":""hi"",""nativeName"":""हिन्दी, हिंदी"",""title"":""अल्फ्रेस्को हेवेनअल्फ्रेस्को हेवेन"",""address"":"""",""shortDescription"":""""},{""name"":""Arabic"",""code"":""ar"",""nativeName"":""العربية"",""title"":""ملاذ في الهواء الطلق"",""address"":"""",""shortDescription"":""""},{""name"":""Spanish; Castilian"",""code"":""es"",""nativeName"":""español, castellano"",""title"":""Refugio al aire libre"",""address"":"""",""shortDescription"":""""}]},""shortDescription"":""Test"",""startTime"":"""",""status"":""live"",""taxationEnable"":false,""realPrice"":450,""itemDiscount"":22.5,""singleProductPrice"":142.5,""totalPrice"":427.5,""instruction"":"""",""translations"":[{""name"":""English"",""code"":""en"",""nativeName"":""English"",""title"":"""",""shortDescription"":""""},{""name"":""Hindi"",""code"":""hi"",""nativeName"":""हिन्दी, हिंदी"",""title"":"""",""shortDescription"":""""},{""name"":""Arabic"",""code"":""ar"",""nativeName"":""العربية"",""title"":"""",""shortDescription"":""""},{""name"":""Spanish; Castilian"",""code"":""es"",""nativeName"":""español, castellano"",""title"":"""",""shortDescription"":""""}]}]",No,No,No,-,10:30,-,852,750,102,0,0,15.99,5.95,3,0.5,0,0,0,840.44,10,1,8743,7438,-,none,notfound,app,Yes,No,-,-,-,-,0,0,0,18,ready
100044,685fdddbf3a0d774352ae1b2,-,66a9d49a7adf805300d4c748,online,66a71baca9b3e102abbe39e7,-,,-,-,selfpickup,-,-,-,-,Ava Thompson,1,7025550466,"[{""name"":""Test"",""uuid"":""fd071a8f-ab4b-49a4-bf06-43c37e034e66"",""addons"":[],""variations"":[],""discount"":5,""discountType"":""%"",""endTime"":"""",""foodType"":""veg"",""foodtaxations"":[],""id"":""6819a10ac148599232dbbda0"",""image"":""6238a176-134c-4d53-91f8-2a5868dd25033449802155802056985-1746273065979.jpg"",""inStock"":true,""price"":150,""purchaseLimit"":10,""quantity"":3,""restaurant"":""6787d0db8210e66b2cb6a0a5"",""restaurantInfo"":{""cover"":""1000000018-1736761951785.jpg"",""id"":""6787d0db8210e66b2cb6a0a5"",""logo"":""1000000022-1736761939599.jpg"",""name"":""Alfresco Haven"",""slug"":""alfresco-haven-50ef857650"",""translations"":[{""name"":""English"",""code"":""en"",""nativeName"":""English"",""title"":""Alfresco Haven"",""address"":"""",""shortDescription"":""""},{""name"":""Hindi"",""code"":""hi"",""nativeName"":""हिन्दी, हिंदी"",""title"":""अल्फ्रेस्को हेवेनअल्फ्रेस्को हेवेन"",""address"":"""",""shortDescription"":""""},{""name"":""Arabic"",""code"":""ar"",""nativeName"":""العربية"",""title"":""ملاذ في الهواء الطلق"",""address"":"""",""shortDescription"":""""},{""name"":""Spanish; Castilian"",""code"":""es"",""nativeName"":""español, castellano"",""title"":""Refugio al aire libre"",""address"":"""",""shortDescription"":""""}]},""shortDescription"":""Test"",""startTime"":"""",""status"":""live"",""taxationEnable"":false,""realPrice"":450,""itemDiscount"":22.5,""singleProductPrice"":142.5,""totalPrice"":427.5,""instruction"":"""",""translations"":[{""name"":""English"",""code"":""en"",""nativeName"":""English"",""title"":"""",""shortDescription"":""""},{""name"":""Hindi"",""code"":""hi"",""nativeName"":""हिन्दी, हिंदी"",""title"":"""",""shortDescription"":""""},{""name"":""Arabic"",""code"":""ar"",""nativeName"":""العربية"",""title"":"""",""shortDescription"":""""},{""name"":""Spanish; Castilian"",""code"":""es"",""nativeName"":""español, castellano"",""title"":"""",""shortDescription"":""""}]}]",No,No,No,-,10:30,-,852,750,102,0,0,15.99,5.95,3,0.5,0,0,0,840.44,10,1,2190,3069,-,none,hardreject,web,Yes,No,-,-,-,-,0,0,0,21,handover
100045,6835b675cf0e12c9fb38b61d,-,66a9d60f7adf805300d4c786,online,688b85e0b69e4300b2ac5564,-,,-,-,selfpickup,-,-,-,-,William Harris,1,4155550339,"[{""name"":""Test"",""uuid"":""fd071a8f-ab4b-49a4-bf06-43c37e034e66"",""addons"":[],""variations"":[],""discount"":5,""discountType"":""%"",""endTime"":"""",""foodType"":""veg"",""foodtaxations"":[],""id"":""6819a10ac148599232dbbda0"",""image"":""6238a176-134c-4d53-91f8-2a5868dd25033449802155802056985-1746273065979.jpg"",""inStock"":true,""price"":150,""purchaseLimit"":10,""quantity"":3,""restaurant"":""6787d0db8210e66b2cb6a0a5"",""restaurantInfo"":{""cover"":""1000000018-1736761951785.jpg"",""id"":""6787d0db8210e66b2cb6a0a5"",""logo"":""1000000022-1736761939599.jpg"",""name"":""Alfresco Haven"",""slug"":""alfresco-haven-50ef857650"",""translations"":[{""name"":""English"",""code"":""en"",""nativeName"":""English"",""title"":""Alfresco Haven"",""address"":"""",""shortDescription"":""""},{""name"":""Hindi"",""code"":""hi"",""nativeName"":""हिन्दी, हिंदी"",""title"":""अल्फ्रेस्को हेवेनअल्फ्रेस्को हेवेन"",""address"":"""",""shortDescription"":""""},{""name"":""Arabic"",""code"":""ar"",""nativeName"":""العربية"",""title"":""ملاذ في الهواء الطلق"",""address"":"""",""shortDescription"":""""},{""name"":""Spanish; Castilian"",""code"":""es"",""nativeName"":""español, castellano"",""title"":""Refugio al aire libre"",""address"":"""",""shortDescription"":""""}]},""shortDescription"":""Test"",""startTime"":"""",""status"":""live"",""taxationEnable"":false,""realPrice"":450,""itemDiscount"":22.5,""singleProductPrice"":142.5,""totalPrice"":427.5,""instruction"":"""",""translations"":[{""name"":""English"",""code"":""en"",""nativeName"":""English"",""title"":"""",""shortDescription"":""""},{""name"":""Hindi"",""code"":""hi"",""nativeName"":""हिन्दी, हिंदी"",""title"":"""",""shortDescription"":""""},{""name"":""Arabic"",""code"":""ar"",""nativeName"":""العربية"",""title"":"""",""shortDescription"":""""},{""name"":""Spanish; Castilian"",""code"":""es"",""nativeName"":""español, castellano"",""title"":"""",""shortDescription"":""""}]}]",No,No,No,-,10:30,-,852,750,0,0,0,15.99,5.95,3,0.5,0,0,0,840.44,10,1,7438,3517,-,none,ideal,app,Yes,No,-,-,-,-,0,0,0,21,ongoing
100046,685fdddbf3a0d774352ae1b2,-,66a9d7a37adf805300d4c7b6,online,688b85e0b69e4300b2ac5562,-,,-,-,selfpickup,-,-,-,-,Sophia Scott,1,7185550672,"[{""name"":""Test"",""uuid"":""fd071a8f-ab4b-49a4-bf06-43c37e034e66"",""addons"":[],""variations"":[],""discount"":5,""discountType"":""%"",""endTime"":"""",""foodType"":""veg"",""foodtaxations"":[],""id"":""6819a10ac148599232dbbda0"",""image"":""6238a176-134c-4d53-91f8-2a5868dd25033449802155802056985-1746273065979.jpg"",""inStock"":true,""price"":150,""purchaseLimit"":10,""quantity"":3,""restaurant"":""6787d0db8210e66b2cb6a0a5"",""restaurantInfo"":{""cover"":""1000000018-1736761951785.jpg"",""id"":""6787d0db8210e66b2cb6a0a5"",""logo"":""1000000022-1736761939599.jpg"",""name"":""Alfresco Haven"",""slug"":""alfresco-haven-50ef857650"",""translations"":[{""name"":""English"",""code"":""en"",""nativeName"":""English"",""title"":""Alfresco Haven"",""address"":"""",""shortDescription"":""""},{""name"":""Hindi"",""code"":""hi"",""nativeName"":""हिन्दी, हिंदी"",""title"":""अल्फ्रेस्को हेवेनअल्फ्रेस्को हेवेन"",""address"":"""",""shortDescription"":""""},{""name"":""Arabic"",""code"":""ar"",""nativeName"":""العربية"",""title"":""ملاذ في الهواء الطلق"",""address"":"""",""shortDescription"":""""},{""name"":""Spanish; Castilian"",""code"":""es"",""nativeName"":""español, castellano"",""title"":""Refugio al aire libre"",""address"":"""",""shortDescription"":""""}]},""shortDescription"":""Test"",""startTime"":"""",""status"":""live"",""taxationEnable"":false,""realPrice"":450,""itemDiscount"":22.5,""singleProductPrice"":142.5,""totalPrice"":427.5,""instruction"":"""",""translations"":[{""name"":""English"",""code"":""en"",""nativeName"":""English"",""title"":"""",""shortDescription"":""""},{""name"":""Hindi"",""code"":""hi"",""nativeName"":""हिन्दी, हिंदी"",""title"":"""",""shortDescription"":""""},{""name"":""Arabic"",""code"":""ar"",""nativeName"":""العربية"",""title"":"""",""shortDescription"":""""},{""name"":""Spanish; Castilian"",""code"":""es"",""nativeName"":""español, castellano"",""title"":"""",""shortDescription"":""""}]}]",No,No,No,-,10:30,-,852,750,0,0,0,15.99,5.95,3,0.5,0,0,0,840.44,0,1,1602,8392,-,none,ideal,app,No,No,-,-,-,-,0,0,0,21,delivered
100047,685c25162ca9ec10e7af011b,-,66a9d3227adf805300d4c6fe,offline,6787d0db8210e66b2cb6a0a5,-,,-,-,selfpickup,-,-,-,-,Michael Turner,1,4075550554,"[{""name"":""Test"",""uuid"":""fd071a8f-ab4b-49a4-bf06-43c37e034e66"",""addons"":[],""variations"":[],""discount"":5,""discountType"":""%"",""endTime"":"""",""foodType"":""veg"",""foodtaxations"":[],""id"":""6819a10ac148599232dbbda0"",""image"":""6238a176-134c-4d53-91f8-2a5868dd25033449802155802056985-1746273065979.jpg"",""inStock"":true,""price"":150,""purchaseLimit"":10,""quantity"":3,""restaurant"":""6787d0db8210e66b2cb6a0a5"",""restaurantInfo"":{""cover"":""1000000018-1736761951785.jpg"",""id"":""6787d0db8210e66b2cb6a0a5"",""logo"":""1000000022-1736761939599.jpg"",""name"":""Alfresco Haven"",""slug"":""alfresco-haven-50ef857650"",""translations"":[{""name"":""English"",""code"":""en"",""nativeName"":""English"",""title"":""Alfresco Haven"",""address"":"""",""shortDescription"":""""},{""name"":""Hindi"",""code"":""hi"",""nativeName"":""हिन्दी, हिंदी"",""title"":""अल्फ्रेस्को हेवेनअल्फ्रेस्को हेवेन"",""address"":"""",""shortDescription"":""""},{""name"":""Arabic"",""code"":""ar"",""nativeName"":""العربية"",""title"":""ملاذ في الهواء الطلق"",""address"":"""",""shortDescription"":""""},{""name"":""Spanish; Castilian"",""code"":""es"",""nativeName"":""español, castellano"",""title"":""Refugio al aire libre"",""address"":"""",""shortDescription"":""""}]},""shortDescription"":""Test"",""startTime"":"""",""status"":""live"",""taxationEnable"":false,""realPrice"":450,""itemDiscount"":22.5,""singleProductPrice"":142.5,""totalPrice"":427.5,""instruction"":"""",""translations"":[{""name"":""English"",""code"":""en"",""nativeName"":""English"",""title"":"""",""shortDescription"":""""},{""name"":""Hindi"",""code"":""hi"",""nativeName"":""हिन्दी, हिंदी"",""title"":"""",""shortDescription"":""""},{""name"":""Arabic"",""code"":""ar"",""nativeName"":""العربية"",""title"":"""",""shortDescription"":""""},{""name"":""Spanish; Castilian"",""code"":""es"",""nativeName"":""español, castellano"",""title"":"""",""shortDescription"":""""}]}]",No,No,No,-,10:30,-,852,750,0,0,0,15.99,5.95,3,0.5,0,0,0,840.44,10,5,9084,3517,-,none,ideal,app,No,No,-,-,-,-,0,0,0,21,cancelled
100048,684c1a14782418866de8b55b,-,66a9d3eb7adf805300d4c71c,online,66a71baca9b3e102abbe39e7,-,,-,-,selfpickup,-,-,-,-,Isabella Rogers,1,6025550819,"[{""name"":""Test"",""uuid"":""fd071a8f-ab4b-49a4-bf06-43c37e034e66"",""addons"":[],""variations"":[],""discount"":5,""discountType"":""%"",""endTime"":"""",""foodType"":""veg"",""foodtaxations"":[],""id"":""6819a10ac148599232dbbda0"",""image"":""6238a176-134c-4d53-91f8-2a5868dd25033449802155802056985-1746273065979.jpg"",""inStock"":true,""price"":150,""purchaseLimit"":10,""quantity"":3,""restaurant"":""6787d0db8210e66b2cb6a0a5"",""restaurantInfo"":{""cover"":""1000000018-1736761951785.jpg"",""id"":""6787d0db8210e66b2cb6a0a5"",""logo"":""1000000022-1736761939599.jpg"",""name"":""Alfresco Haven"",""slug"":""alfresco-haven-50ef857650"",""translations"":[{""name"":""English"",""code"":""en"",""nativeName"":""English"",""title"":""Alfresco Haven"",""address"":"""",""shortDescription"":""""},{""name"":""Hindi"",""code"":""hi"",""nativeName"":""हिन्दी, हिंदी"",""title"":""अल्फ्रेस्को हेवेनअल्फ्रेस्को हेवेन"",""address"":"""",""shortDescription"":""""},{""name"":""Arabic"",""code"":""ar"",""nativeName"":""العربية"",""title"":""ملاذ في الهواء الطلق"",""address"":"""",""shortDescription"":""""},{""name"":""Spanish; Castilian"",""code"":""es"",""nativeName"":""español, castellano"",""title"":""Refugio al aire libre"",""address"":"""",""shortDescription"":""""}]},""shortDescription"":""Test"",""startTime"":"""",""status"":""live"",""taxationEnable"":false,""realPrice"":450,""itemDiscount"":22.5,""singleProductPrice"":142.5,""totalPrice"":427.5,""instruction"":"""",""translations"":[{""name"":""English"",""code"":""en"",""nativeName"":""English"",""title"":"""",""shortDescription"":""""},{""name"":""Hindi"",""code"":""hi"",""nativeName"":""हिन्दी, हिंदी"",""title"":"""",""shortDescription"":""""},{""name"":""Arabic"",""code"":""ar"",""nativeName"":""العربية"",""title"":"""",""shortDescription"":""""},{""name"":""Spanish; Castilian"",""code"":""es"",""nativeName"":""español, castellano"",""title"":"""",""shortDescription"":""""}]}]",No,No,No,-,10:30,-,852,750,0,0,0,15.99,5.95,3,0.5,0,0,0,840.44,10,0,4725,7013,-,none,ideal,web,No,No,-,-,-,-,0,0,0,21,rejected
100049,685fdddbf3a0d774352ae1b2,-,66a9d49a7adf805300d4c748,online,6787d0db8210e66b2cb6a0a5,-,,-,-,selfpickup,-,-,-,-,Ethan Reed,1,9175550483,"[{""name"":""Test"",""uuid"":""fd071a8f-ab4b-49a4-bf06-43c37e034e66"",""addons"":[],""variations"":[],""discount"":5,""discountType"":""%"",""endTime"":"""",""foodType"":""veg"",""foodtaxations"":[],""id"":""6819a10ac148599232dbbda0"",""image"":""6238a176-134c-4d53-91f8-2a5868dd25033449802155802056985-1746273065979.jpg"",""inStock"":true,""price"":150,""purchaseLimit"":10,""quantity"":3,""restaurant"":""6787d0db8210e66b2cb6a0a5"",""restaurantInfo"":{""cover"":""1000000018-1736761951785.jpg"",""id"":""6787d0db8210e66b2cb6a0a5"",""logo"":""1000000022-1736761939599.jpg"",""name"":""Alfresco Haven"",""slug"":""alfresco-haven-50ef857650"",""translations"":[{""name"":""English"",""code"":""en"",""nativeName"":""English"",""title"":""Alfresco Haven"",""address"":"""",""shortDescription"":""""},{""name"":""Hindi"",""code"":""hi"",""nativeName"":""हिन्दी, हिंदी"",""title"":""अल्फ्रेस्को हेवेनअल्फ्रेस्को हेवेन"",""address"":"""",""shortDescription"":""""},{""name"":""Arabic"",""code"":""ar"",""nativeName"":""العربية"",""title"":""ملاذ في الهواء الطلق"",""address"":"""",""shortDescription"":""""},{""name"":""Spanish; Castilian"",""code"":""es"",""nativeName"":""español, castellano"",""title"":""Refugio al aire libre"",""address"":"""",""shortDescription"":""""}]},""shortDescription"":""Test"",""startTime"":"""",""status"":""live"",""taxationEnable"":false,""realPrice"":450,""itemDiscount"":22.5,""singleProductPrice"":142.5,""totalPrice"":427.5,""instruction"":"""",""translations"":[{""name"":""English"",""code"":""en"",""nativeName"":""English"",""title"":"""",""shortDescription"":""""},{""name"":""Hindi"",""code"":""hi"",""nativeName"":""हिन्दी, हिंदी"",""title"":"""",""shortDescription"":""""},{""name"":""Arabic"",""code"":""ar"",""nativeName"":""العربية"",""title"":"""",""shortDescription"":""""},{""name"":""Spanish; Castilian"",""code"":""es"",""nativeName"":""español, castellano"",""title"":"""",""shortDescription"":""""}]}]",No,No,No,-,10:30,-,852,750,0,0,0,15.99,5.95,3,0.5,0,0,0,840.44,10,1,3517,8392,-,none,ideal,app,No,No,-,-,-,-,0,0,0,21,refunded
100050,685c25162ca9ec10e7af011b,-,66a9d3eb7adf805300d4c71c,online,688b85e0b69e4300b2ac5562,-,,-,-,selfpickup,-,-,-,-,Mia Campbell,1,4155550339,"[{""name"":""Test"",""uuid"":""fd071a8f-ab4b-49a4-bf06-43c37e034e66"",""addons"":[],""variations"":[],""discount"":5,""discountType"":""%"",""endTime"":"""",""foodType"":""veg"",""foodtaxations"":[],""id"":""6819a10ac148599232dbbda0"",""image"":""6238a176-134c-4d53-91f8-2a5868dd25033449802155802056985-1746273065979.jpg"",""inStock"":true,""price"":150,""purchaseLimit"":10,""quantity"":3,""restaurant"":""6787d0db8210e66b2cb6a0a5"",""restaurantInfo"":{""cover"":""1000000018-1736761951785.jpg"",""id"":""6787d0db8210e66b2cb6a0a5"",""logo"":""1000000022-1736761939599.jpg"",""name"":""Alfresco Haven"",""slug"":""alfresco-haven-50ef857650"",""translations"":[{""name"":""English"",""code"":""en"",""nativeName"":""English"",""title"":""Alfresco Haven"",""address"":"""",""shortDescription"":""""},{""name"":""Hindi"",""code"":""hi"",""nativeName"":""हिन्दी, हिंदी"",""title"":""अल्फ्रेस्को हेवेनअल्फ्रेस्को हेवेन"",""address"":"""",""shortDescription"":""""},{""name"":""Arabic"",""code"":""ar"",""nativeName"":""العربية"",""title"":""ملاذ في الهواء الطلق"",""address"":"""",""shortDescription"":""""},{""name"":""Spanish; Castilian"",""code"":""es"",""nativeName"":""español, castellano"",""title"":""Refugio al aire libre"",""address"":"""",""shortDescription"":""""}]},""shortDescription"":""Test"",""startTime"":"""",""status"":""live"",""taxationEnable"":false,""realPrice"":450,""itemDiscount"":22.5,""singleProductPrice"":142.5,""totalPrice"":427.5,""instruction"":"""",""translations"":[{""name"":""English"",""code"":""en"",""nativeName"":""English"",""title"":"""",""shortDescription"":""""},{""name"":""Hindi"",""code"":""hi"",""nativeName"":""हिन्दी, हिंदी"",""title"":"""",""shortDescription"":""""},{""name"":""Arabic"",""code"":""ar"",""nativeName"":""العربية"",""title"":"""",""shortDescription"":""""},{""name"":""Spanish; Castilian"",""code"":""es"",""nativeName"":""español, castellano"",""title"":"""",""shortDescription"":""""}]}]",No,No,No,-,10:30,-,852,750,0,0,0,15.99,5.95,3,0.5,0,0,0,840.44,10,1,6280,3517,-,none,ideal,app,No,No,-,-,-,-,0,0,0,21,partially_refunded
100051,685fdddbf3a0d774352ae1b2,-,66a9d3227adf805300d4c6fe,offline,688b85e0b69e4300b2ac5564,-,,-,-,selfpickup,-,-,-,-,Alexander Bennett,1,7185550672,"[{""name"":""Test"",""uuid"":""fd071a8f-ab4b-49a4-bf06-43c37e034e66"",""addons"":[],""variations"":[],""discount"":5,""discountType"":""%"",""endTime"":"""",""foodType"":""veg"",""foodtaxations"":[],""id"":""6819a10ac148599232dbbda0"",""image"":""6238a176-134c-4d53-91f8-2a5868dd25033449802155802056985-1746273065979.jpg"",""inStock"":true,""price"":150,""purchaseLimit"":10,""quantity"":3,""restaurant"":""6787d0db8210e66b2cb6a0a5"",""restaurantInfo"":{""cover"":""1000000018-1736761951785.jpg"",""id"":""6787d0db8210e66b2cb6a0a5"",""logo"":""1000000022-1736761939599.jpg"",""name"":""Alfresco Haven"",""slug"":""alfresco-haven-50ef857650"",""translations"":[{""name"":""English"",""code"":""en"",""nativeName"":""English"",""title"":""Alfresco Haven"",""address"":"""",""shortDescription"":""""},{""name"":""Hindi"",""code"":""hi"",""nativeName"":""हिन्दी, हिंदी"",""title"":""अल्फ्रेस्को हेवेनअल्फ्रेस्को हेवेन"",""address"":"""",""shortDescription"":""""},{""name"":""Arabic"",""code"":""ar"",""nativeName"":""العربية"",""title"":""ملاذ في الهواء الطلق"",""address"":"""",""shortDescription"":""""},{""name"":""Spanish; Castilian"",""code"":""es"",""nativeName"":""español, castellano"",""title"":""Refugio al aire libre"",""address"":"""",""shortDescription"":""""}]},""shortDescription"":""Test"",""startTime"":"""",""status"":""live"",""taxationEnable"":false,""realPrice"":450,""itemDiscount"":22.5,""singleProductPrice"":142.5,""totalPrice"":427.5,""instruction"":"""",""translations"":[{""name"":""English"",""code"":""en"",""nativeName"":""English"",""title"":"""",""shortDescription"":""""},{""name"":""Hindi"",""code"":""hi"",""nativeName"":""हिन्दी, हिंदी"",""title"":"""",""shortDescription"":""""},{""name"":""Arabic"",""code"":""ar"",""nativeName"":""العربية"",""title"":"""",""shortDescription"":""""},{""name"":""Spanish; Castilian"",""code"":""es"",""nativeName"":""español, castellano"",""title"":"""",""shortDescription"":""""}]}]",No,No,No,-,10:30,-,852,750,0,0,0,15.99,5.95,3,0.5,0,0,0,840.44,10,1,4871,8392,-,none,ideal,web,No,No,-,-,-,-,0,0,0,21,pending_payments